[
  {
    "title": "New Neonatal Training Program Launched",
    "description": "We are excited to introduce a new newborn care training program for first-time parents.",
    "date": "February 2026"
  },
  {
    "title": "Maternal Health Workshop",
    "description": "Join our upcoming workshop focused on maternal wellness and recovery.",
    "date": "March 2026"
  },
  {
    "title": "Online Parenting Course Open",
    "description": "Registration is now open for our 6-session virtual parenting course.",
    "date": "April 2026"
  }
]